Year,DOY,Month,DOM,Time,ExFlow,GM,InFlow,HV,Spare,LLD,ULD,TankP,Temp,AirT,RelHum,Press,Batt,Ind,LLD,Comments
2011,305,11,1,00:00,-9999,-9999,-9999,-9999,-9999,-9999,-9999,-9999,-9999,-9999,-9999,-9999,-9999,0,-9999,
2011,305,11,1,00:30,-9999,-9999,-9999,-9999,-9999,-9999,-9999,-9999,-9999,-9999,-9999,-9999,-9999,0,-9999,
2011,305,11,1,01:00,-9999,-9999,-9999,-9999,-9999,-9999,-9999,-9999,-9999,-9999,-9999,-9999,-9999,0,-9999,
2011,305,11,1,01:30,-9999,-9999,-9999,-9999,-9999,-9999,-9999,-9999,-9999,-9999,-9999,-9999,-9999,0,-9999,
2011,305,11,1,02:00,-9999,-9999,-9999,-9999,-9999,-9999,-9999,-9999,-9999,-9999,-9999,-9999,-9999,0,-9999,
2011,305,11,1,02:30,-9999,-9999,-9999,-9999,-9999,-9999,-9999,-9999,-9999,-9999,-9999,-9999,-9999,0,-9999,
2011,305,11,1,03:00,-9999,-9999,-9999,-9999,-9999,-9999,-9999,-9999,-9999,-9999,-9999,-9999,-9999,0,-9999,
2011,305,11,1,03:30,-9999,-9999,-9999,-9999,-9999,-9999,-9999,-9999,-9999,-9999,-9999,-9999,-9999,0,-9999,
2011,305,11,1,04:00,-9999,-9999,-9999,-9999,-9999,-9999,-9999,-9999,-9999,-9999,-9999,-9999,-9999,0,-9999,
2011,305,11,1,04:30,-9999,-9999,-9999,-9999,-9999,-9999,-9999,-9999,-9999,-9999,-9999,-9999,-9999,0,-9999,
2011,305,11,1,05:00,-9999,-9999,-9999,-9999,-9999,-9999,-9999,-9999,-9999,-9999,-9999,-9999,-9999,0,-9999,
2011,305,11,1,05:30,-9999,-9999,-9999,-9999,-9999,-9999,-9999,-9999,-9999,-9999,-9999,-9999,-9999,0,-9999,
2011,305,11,1,06:00,-9999,-9999,-9999,-9999,-9999,-9999,-9999,-9999,-9999,-9999,-9999,-9999,-9999,0,-9999,
2011,305,11,1,06:30,-9999,-9999,-9999,-9999,-9999,-9999,-9999,-9999,-9999,-9999,-9999,-9999,-9999,0,-9999,
2011,305,11,1,07:00,-9999,-9999,-9999,-9999,-9999,-9999,-9999,-9999,-9999,-9999,-9999,-9999,-9999,0,-9999,
2011,305,11,1,07:30,-9999,-9999,-9999,-9999,-9999,-9999,-9999,-9999,-9999,-9999,-9999,-9999,-9999,0,-9999,
2011,305,11,1,08:00,-9999,-9999,-9999,-9999,-9999,-9999,-9999,-9999,-9999,-9999,-9999,-9999,-9999,0,-9999,
2011,305,11,1,08:30,-9999,-9999,-9999,-9999,-9999,-9999,-9999,-9999,-9999,-9999,-9999,-9999,-9999,0,-9999,
2011,305,11,1,09:00,-9999,-9999,-9999,-9999,-9999,-9999,-9999,-9999,-9999,-9999,-9999,-9999,-9999,0,-9999,
2011,305,11,1,09:30,-9999,-9999,-9999,-9999,-9999,-9999,-9999,-9999,-9999,-9999,-9999,-9999,-9999,0,-9999,
2011,305,11,1,10:00,-9999,-9999,-9999,-9999,-9999,-9999,-9999,-9999,-9999,-9999,-9999,-9999,-9999,0,-9999,
2011,305,11,1,10:30,4.5,224,7.2,645.1,-9999,1,0,1819,16.2,28.3,27.1,942.9,13.6,0,-9999,
2011,305,11,1,11:00,40.8,2039,6.8,644.8,-9999,5306,31,1897,19.5,27.5,27.8,942.7,13.6,1,5306,
2011,305,11,1,11:30,41.0,2048,7.2,645.6,-9999,3412,0,1912,24.6,30.9,21.3,942.5,13.6,1,3412,
2011,305,11,1,12:00,41.2,2059,6.8,646.1,-9999,2749,0,1883,27.8,30.9,20.2,942.2,13.6,1,2749,
2011,305,11,1,12:30,40.9,2044,6.7,646.5,-9999,2195,0,1900,30.9,34.1,16.7,941.7,13.6,1,2195,
2011,305,11,1,13:00,40.8,2040,6.6,646.9,-9999,1904,0,1855,34.1,36.2,14.2,941.1,13.6,1,1904,
2011,305,11,1,13:30,40.8,2042,6.6,647.1,-9999,1719,0,1854,36.6,36.2,14.0,940.5,13.6,1,1719,
2011,305,11,1,14:00,40.9,2046,6.8,647.4,-9999,1581,0,1837,38.7,37.0,13.5,940.0,13.6,1,1581,
2011,305,11,1,14:30,41.1,2055,6.8,647.4,-9999,1539,0,1845,40.3,34.0,15.7,939.4,13.6,1,1539,
2011,305,11,1,15:00,40.9,2046,6.8,647.3,-9999,11301,0,1833,41.0,34.1,15.2,938.8,13.6,0,-9999,C
2011,305,11,1,15:30,41.0,2052,6.5,647.2,-9999,48427,0,1820,41.6,32.5,16.6,938.1,13.6,0,-9999,C
2011,305,11,1,16:00,41.1,2055,6.2,647.2,-9999,69097,0,1823,41.8,31.1,18.0,937.7,13.6,0,-9999,C
2011,305,11,1,16:30,41.3,2064,5.7,647.2,-9999,82502,1,1836,41.5,28.7,20.3,937.5,13.6,0,-9999,C
2011,305,11,1,17:00,41.2,2060,5.9,647.2,-9999,89553,0,1831,41.0,29.3,19.7,937.3,13.6,0,-9999,C
2011,305,11,1,17:30,41.1,2057,5.9,647.2,-9999,94198,0,1832,40.7,27.9,21.1,937.2,13.6,0,-9999,C
2011,305,11,1,18:00,41.2,2059,5.9,647.1,-9999,95322,0,1843,40.4,27.2,22.1,937.2,13.6,0,-9999,C
2011,305,11,1,18:30,41.1,2057,6.1,647,-9999,94305,0,1846,39.9,26.0,23.8,937.4,13.6,0,-9999,C
2011,305,11,1,19:00,41.0,2052,6.4,646.8,-9999,94636,0,1847,39.3,24.3,26.4,937.4,13.6,0,-9999,C
2011,305,11,1,19:30,41.0,2051,6.4,646.8,-9999,93643,1,1864,38.1,21.1,31.5,937.5,13.6,0,-9999,C
2011,305,11,1,20:00,40.9,2044,6.3,646.6,-9999,94176,0,1877,36.0,19.1,36.0,937.6,13.6,0,-9999,C
2011,305,11,1,20:30,40.7,2033,5.6,646.3,-9999,92541,0,1884,33.8,17.9,39.8,938.0,13.6,0,-9999,C
2011,305,11,1,21:00,40.3,2014,5.8,646.2,-9999,92609,0,1876,32.2,15.8,47.2,938.7,13.6,0,-9999,C
2011,305,11,1,21:30,39.9,1997,5.7,645.9,-9999,93242,0,1874,30.4,13.9,56.2,938.8,13.6,0,-9999,C
2011,305,11,1,22:00,37.6,1880,5.8,645.4,-9999,95557,0,1803,28.7,12.9,60.6,939.1,13.6,0,-9999,C
2011,305,11,1,22:30,38.5,1925,5.8,645.3,-9999,96738,0,1843,27.4,12.0,63.1,939.2,13.6,0,-9999,C
2011,305,11,1,23:00,38.6,1930,6.1,645.2,-9999,97691,0,1853,26.4,11.2,64.5,939.0,13.6,0,-9999,C
2011,305,11,1,23:30,39.0,1949,6.1,644.8,-9999,97127,0,1868,25.6,10.7,64.5,938.6,13.6,0,-9999,C
2011,306,11,2,00:00,39.3,1965,5.8,644.7,-9999,99524,0,1883,25.0,9.6,64.4,938.3,13.6,0,-9999,C
2011,306,11,2,00:30,38.8,1941,6.4,644.7,-9999,101814,0,1875,24.3,8.6,64.8,937.9,13.6,0,-9999,C
2011,306,11,2,01:00,38.6,1928,6.5,644.4,-9999,106449,0,1874,23.5,7.9,65.3,937.7,13.6,0,-9999,C
2011,306,11,2,01:30,38.2,1910,6.5,644.3,-9999,109308,0,1868,22.9,7.4,65.4,937.2,13.6,0,-9999,C
2011,306,11,2,02:00,38.5,1925,6.4,644.3,-9999,111908,0,1878,22.3,7.1,65.7,936.7,13.6,0,-9999,C
2011,306,11,2,02:30,38.2,1910,6.3,644.1,-9999,115558,0,1872,21.8,6.3,66.9,936.1,13.6,0,-9999,C
2011,306,11,2,03:00,39.4,1968,6.1,643.8,-9999,118788,0,1908,21.3,6.3,67.6,935.8,13.6,0,-9999,C
2011,306,11,2,03:30,39.8,1991,6.1,643.6,-9999,114176,0,1917,20.9,7.1,68.3,935.3,13.6,0,-9999,C
2011,306,11,2,04:00,39.7,1984,6.0,643.6,-9999,110491,0,1912,20.9,7.8,69.5,934.9,13.6,0,-9999,C
2011,306,11,2,04:30,39.9,1993,5.7,643.8,-9999,105319,0,1911,21.2,9.5,68.8,935.0,13.6,0,-9999,C
2011,306,11,2,05:00,39.9,1995,6.0,644.2,-9999,102279,0,1902,22.0,10.8,69.8,935.1,13.6,0,-9999,C
2011,306,11,2,05:30,38.8,1941,6.1,644.2,-9999,102967,0,1866,22.8,11.2,71.1,934.9,13.6,0,-9999,C
2011,306,11,2,06:00,38.5,1926,6.1,644.3,-9999,104585,0,1847,23.3,11.7,71.5,934.8,13.6,0,-9999,C
2011,306,11,2,06:30,37.6,1879,5.3,644.5,-9999,104937,0,1813,23.7,12.1,72.3,935.0,13.6,0,-9999,C
2011,306,11,2,07:00,36.7,1834,5.6,644.7,-9999,106488,0,1785,24.0,12.2,72.4,935.4,13.6,0,-9999,C
2011,306,11,2,07:30,37.4,1868,6.1,644.7,-9999,106523,0,1811,24.2,12.9,70.6,935.7,13.6,0,-9999,C
2011,306,11,2,08:00,37.5,1874,6.2,644.7,-9999,106929,0,1816,24.5,13.9,68.2,936.3,13.6,0,-9999,C
2011,306,11,2,08:30,37.7,1883,6.0,644.9,-9999,106537,0,1819,25.1,15.6,63.9,936.5,13.6,0,-9999,C
2011,306,11,2,09:00,39.9,1995,7.0,645.3,-9999,104839,0,1893,26.0,17.5,58.0,936.6,13.6,0,-9999,C
2011,306,11,2,09:30,40.3,2017,7.1,645.3,-9999,104346,0,1906,27.1,20.2,46.8,936.6,13.6,0,-9999,C
2011,306,11,2,10:00,41.2,2061,7.2,645.7,-9999,103075,0,1901,28.4,22.3,37.2,936.4,13.6,0,-9999,C
2011,306,11,2,10:30,41.2,2062,7.1,645.9,-9999,101615,0,1904,29.8,22.0,34.2,936.0,13.6,0,-9999,C
2011,306,11,2,11:00,41.0,2052,7.1,646.3,-9999,100897,0,1910,30.8,25.7,27.5,936.1,13.6,0,-9999,C
2011,306,11,2,11:30,41.2,2058,7.2,646.3,-9999,100293,0,1893,32.3,32.4,18.7,935.9,13.6,0,-9999,C
2011,306,11,2,12:00,41.3,2063,7.1,646.6,-9999,99760,0,1866,34.3,33.9,15.4,935.4,13.6,0,-9999,C
2011,306,11,2,12:30,41.1,2053,7.1,646.8,-9999,99155,0,1840,36.0,33.8,14.3,934.9,13.6,0,-9999,C
2011,306,11,2,13:00,41.1,2055,7.0,646.8,-9999,95237,16,1835,37.2,33.0,14.5,934.5,13.6,0,-9999,C
2011,306,11,2,13:30,41.2,2060,6.9,646.8,-9999,61207,0,1836,36.5,34.1,13.9,934.1,13.6,0,-9999,C
2011,306,11,2,14:00,41.5,2073,6.6,646.9,-9999,37882,0,1835,36.4,30.2,17.8,933.8,13.6,0,-9999,C
2011,306,11,2,14:30,41.3,2066,6.5,646.7,-9999,22664,0,1840,35.7,27.7,21.2,933.8,13.6,0,-9999,C
2011,306,11,2,15:00,41.3,2067,6.3,646.6,-9999,13012,0,1854,35.2,25.5,24.5,933.6,13.6,0,-9999,C
2011,306,11,2,15:30,41.3,2063,6.5,646.4,-9999,7296,0,1864,35.0,22.6,29.1,933.6,13.6,0,-9999,C
2011,306,11,2,16:00,41.0,2048,6.5,646.3,-9999,4119,0,1869,34.4,22.2,30.6,933.4,13.6,0,-9999,C
2011,306,11,2,16:30,40.6,2028,6.5,646.3,-9999,2563,0,1845,34.1,22.6,30.3,933.2,13.6,0,-9999,C
2011,306,11,2,17:00,40.6,2029,6.4,646.3,-9999,1661,0,1846,33.8,21.9,31.5,933.3,13.6,0,-9999,C
2011,306,11,2,17:30,40.5,2024,6.5,646.3,-9999,1261,0,1850,33.4,21.7,31.9,933.5,13.6,0,-9999,C
2011,306,11,2,18:00,40.4,2019,6.6,646.3,-9999,991,0,1846,33.5,24.1,28.2,933.4,13.6,0,-9999,C
2011,306,11,2,18:30,40.5,2026,6.6,646.3,-9999,859,0,1838,34.4,23.1,29.3,933.6,13.6,1,859,
2011,306,11,2,19:00,40.8,2042,6.5,646.3,-9999,805,0,1849,34.4,20.4,34.2,934.0,13.6,1,805,
2011,306,11,2,19:30,40.2,2008,5.7,646.3,-9999,975,0,1833,33.4,16.8,47.8,934.7,13.6,1,975,
2011,306,11,2,20:00,40.3,2014,6.0,646.1,-9999,1085,0,1857,31.7,15.2,57.3,935.1,13.6,1,1085,
2011,306,11,2,20:30,40.5,2024,5.8,645.9,-9999,1205,0,1883,30.1,14.4,61.3,935.4,13.6,1,1205,
2011,306,11,2,21:00,39.5,1977,6.3,645.5,-9999,1288,0,1848,29.0,14.0,63.4,935.5,13.6,1,1288,
2011,306,11,2,21:30,39.4,1972,5.9,645.2,-9999,1389,0,1848,28.3,13.5,64.4,935.8,13.6,1,1389,
2011,306,11,2,22:00,38.4,1919,5.9,645.3,-9999,1379,0,1821,27.7,13.2,65.0,936.1,13.6,1,1379,
2011,306,11,2,22:30,38.2,1909,5.9,645.3,-9999,1481,0,1819,27.3,13.1,65.8,936.3,13.6,1,1481,
2011,306,11,2,23:00,37.7,1886,6.3,645.3,-9999,1572,0,1806,27.0,12.8,66.8,936.3,13.6,1,1572,
2011,306,11,2,23:30,37.8,1888,6.2,645.3,-9999,1701,0,1806,26.8,12.6,67.5,936.0,13.6,1,1701,
2011,307,11,3,00:00,37.8,1890,6.2,645.3,-9999,2046,0,1809,26.6,11.7,69.2,935.8,13.6,1,2046,
2011,307,11,3,00:30,39.0,1949,6.2,645.1,-9999,2280,0,1850,26.1,11.4,69.8,935.8,13.6,1,2280,
2011,307,11,3,01:00,39.6,1982,6.1,644.8,-9999,2302,0,1873,25.7,11.8,70.5,935.7,13.6,1,2302,
2011,307,11,3,01:30,38.4,1920,6.1,644.8,-9999,2266,0,1839,25.6,11.9,71.1,935.2,13.6,1,2266,
2011,307,11,3,02:00,37.7,1886,6.1,644.8,-9999,2240,0,1817,25.7,11.6,70.7,934.9,13.6,1,2240,
2011,307,11,3,02:30,37.7,1887,6.2,644.8,-9999,2929,0,1821,25.7,11.3,69.9,934.9,13.6,1,2929,
2011,307,11,3,03:00,39.5,1975,6.2,644.8,-9999,4512,0,1876,25.7,11.6,69.3,934.8,13.6,1,4512,
2011,307,11,3,03:30,39.7,1986,6.2,644.8,-9999,6461,0,1880,25.7,11.8,69.9,934.5,13.6,1,6461,
2011,307,11,3,04:00,39.9,1997,6.2,644.9,-9999,7787,0,1883,25.8,12.3,69.6,934.2,13.6,1,7787,
2011,307,11,3,04:30,39.7,1983,6.1,645,-9999,7949,0,1872,26.0,12.4,70.1,934.1,13.6,1,7949,
2011,307,11,3,05:00,39.2,1961,6.0,645.1,-9999,7206,0,1861,26.3,12.4,70.5,934.2,13.6,1,7206,
2011,307,11,3,05:30,38.8,1938,6.0,645.2,-9999,7216,0,1848,26.4,12.5,70.2,934.4,13.6,1,7216,
2011,307,11,3,06:00,39.0,1948,6.0,645.2,-9999,7004,0,1857,26.5,12.6,70.0,935.0,13.6,1,7004,
2011,307,11,3,06:30,39.6,1981,5.9,645.2,-9999,6692,0,1872,26.6,12.9,69.6,935.4,13.6,1,6692,
2011,307,11,3,07:00,40.1,2005,5.8,645.3,-9999,6718,0,1886,26.7,13.2,69.8,935.6,13.6,1,6718,
2011,307,11,3,07:30,38.9,1946,5.7,645.3,-9999,5589,0,1854,26.7,14.2,68.6,935.7,13.6,1,5589,
2011,307,11,3,08:00,40.3,2015,6.0,645.3,-9999,4275,0,1906,26.9,16.3,61.5,936.0,13.6,1,4275,
2011,307,11,3,08:30,39.9,1997,6.1,645.2,-9999,3174,0,1878,27.7,17.9,53.2,936.4,13.6,1,3174,
2011,307,11,3,09:00,40.1,2005,5.9,645.6,-9999,2379,0,1868,28.8,16.1,56.7,936.7,13.6,1,2379,
2011,307,11,3,09:30,40.1,2003,5.7,645.7,-9999,1716,0,1885,29.1,15.2,59.2,936.8,13.6,1,1716,
2011,307,11,3,10:00,40.1,2003,5.7,645.5,-9999,1253,0,1889,28.8,14.7,60.0,936.9,13.6,1,1253,
2011,307,11,3,10:30,40.3,2013,5.6,645.2,-9999,1020,0,1891,28.3,14.5,61.1,937.3,13.6,1,1020,
2011,307,11,3,11:00,40.2,2010,5.8,645.2,-9999,845,0,1900,28.0,15.5,58.6,937.5,13.6,1,845,
2011,307,11,3,11:30,39.8,1991,6.0,645.5,-9999,714,0,1887,28.6,21.4,44.3,937.2,13.6,1,714,
2011,307,11,3,12:00,40.5,2026,6.6,646,-9999,721,0,1893,30.4,24.7,35.5,937.1,13.6,1,721,
2011,307,11,3,12:30,40.7,2034,6.5,646.3,-9999,746,0,1879,32.6,25.5,31.4,936.8,13.6,1,746,
2011,307,11,3,13:00,40.4,2019,6.7,646.4,-9999,784,0,1854,34.6,27.1,28.0,936.5,13.6,1,784,
2011,307,11,3,13:30,40.4,2019,6.8,646.8,-9999,805,0,1856,36.3,26.6,28.4,936.3,13.6,1,805,
2011,307,11,3,14:00,40.6,2029,6.6,646.8,-9999,755,0,1848,37.1,23.7,32.0,936.3,13.6,1,755,
2011,307,11,3,14:30,40.3,2013,6.2,646.8,-9999,854,0,1847,36.7,22.1,35.3,936.4,13.6,1,854,
2011,307,11,3,15:00,39.8,1991,6.2,646.8,-9999,796,0,1843,36.3,24.3,32.2,936.2,13.6,1,796,
2011,307,11,3,15:30,39.8,1992,6.2,646.8,-9999,809,0,1836,36.9,25.2,30.9,935.8,13.6,1,809,
2011,307,11,3,16:00,39.9,1993,6.4,646.8,-9999,750,0,1820,38.1,26.0,29.5,935.8,13.6,1,750,
2011,307,11,3,16:30,40.0,2000,6.6,646.8,-9999,734,0,1814,39.4,25.0,31.0,935.6,13.6,1,734,
2011,307,11,3,17:00,39.9,1994,6.4,646.8,-9999,770,0,1802,39.7,23.6,33.4,935.8,13.6,1,770,
2011,307,11,3,17:30,39.9,1996,6.0,646.8,-9999,727,0,1815,39.4,21.2,38.9,936.0,13.6,1,727,
2011,307,11,3,18:00,39.8,1988,5.4,646.8,-9999,712,0,1813,38.3,19.3,43.6,936.3,13.6,1,712,
2011,307,11,3,18:30,39.5,1976,5.8,646.7,-9999,739,0,1820,36.7,17.1,48.9,936.7,13.6,1,739,
2011,307,11,3,19:00,39.8,1989,5.9,646.3,-9999,750,0,1849,34.6,14.5,56.1,937.1,13.6,1,750,
2011,307,11,3,19:30,40.0,2002,5.8,646,-9999,811,0,1870,31.9,13.3,60.5,937.7,13.6,1,811,
2011,307,11,3,20:00,39.4,1971,5.9,645.6,-9999,811,0,1844,29.6,12.5,64.0,938.2,13.6,1,811,
2011,307,11,3,20:30,38.4,1921,6.1,645.3,-9999,783,0,1810,27.9,11.8,66.5,938.8,13.6,1,783,
2011,307,11,3,21:00,38.6,1932,6.3,645.2,-9999,864,0,1820,26.6,11.3,67.6,939.4,13.6,1,864,
2011,307,11,3,21:30,38.3,1915,5.9,644.8,-9999,818,0,1821,25.6,11.0,68.1,939.8,13.6,1,818,
2011,307,11,3,22:00,38.0,1900,5.8,644.7,-9999,808,0,1817,24.9,10.7,68.6,940.0,13.6,1,808,
2011,307,11,3,22:30,37.7,1883,6.1,644.7,-9999,806,0,1813,24.5,10.5,69.0,940.2,13.6,1,806,
2011,307,11,3,23:00,37.9,1897,6.1,644.4,-9999,888,0,1827,24.2,10.4,69.5,940.2,13.6,1,888,
2011,307,11,3,23:30,38.4,1922,6.0,644.3,-9999,907,0,1848,24.0,10.3,70.1,940.3,13.6,1,907,
2011,308,11,4,00:00,38.6,1931,6.0,644.2,-9999,906,0,1856,23.9,10.3,70.6,940.7,13.6,1,906,
2011,308,11,4,00:30,38.2,1911,5.9,644.1,-9999,887,0,1847,23.7,10.3,70.7,940.9,13.6,1,887,
2011,308,11,4,01:00,38.6,1928,5.9,644.1,-9999,969,0,1858,23.7,10.4,70.2,940.7,13.6,1,969,
2011,308,11,4,01:30,39.3,1964,5.9,644.1,-9999,1023,0,1881,23.7,10.5,69.2,940.4,13.6,1,1023,
2011,308,11,4,02:00,39.3,1967,5.8,644.2,-9999,1103,0,1883,23.9,10.7,68.4,940.5,13.6,1,1103,
2011,308,11,4,02:30,39.4,1969,5.8,644.4,-9999,1194,0,1880,24.1,10.8,68.1,940.4,13.6,1,1194,
2011,308,11,4,03:00,39.4,1972,5.8,644.5,-9999,1260,0,1882,24.2,10.7,68.1,940.2,13.6,1,1260,
2011,308,11,4,03:30,39.5,1974,5.8,644.5,-9999,1290,0,1885,24.3,10.8,67.5,940.1,13.6,1,1290,
2011,308,11,4,04:00,39.3,1967,5.8,644.7,-9999,1494,0,1881,24.5,11.0,66.8,940.1,13.6,1,1494,
2011,308,11,4,04:30,39.3,1966,5.8,644.7,-9999,1737,0,1879,24.7,11.1,66.9,940.3,13.6,1,1737,
2011,308,11,4,05:00,39.7,1986,5.8,644.7,-9999,1717,0,1892,24.7,11.0,67.3,940.5,13.6,1,1717,
2011,308,11,4,05:30,40.5,2027,5.8,644.7,-9999,1745,0,1928,24.6,10.9,67.1,940.7,13.6,1,1745,
2011,308,11,4,06:00,40.0,1999,5.8,644.6,-9999,1650,0,1908,24.5,11.0,66.9,940.9,13.6,1,1650,
2011,308,11,4,06:30,40.4,2020,5.8,644.6,-9999,1800,0,1927,24.5,11.2,66.1,941.3,13.6,1,1800,
2011,308,11,4,07:00,40.2,2009,5.8,644.7,-9999,2838,0,1916,24.7,12.6,63.4,941.5,13.6,1,2838,
2011,308,11,4,07:30,40.1,2003,5.5,644.7,-9999,3082,0,1908,25.1,14.8,59.2,942.1,13.6,1,3082,
2011,308,11,4,08:00,40.1,2006,6.1,645,-9999,2508,0,1904,25.8,18.1,49.5,942.5,13.6,1,2508,
2011,308,11,4,08:30,40.3,2014,6.8,645.3,-9999,2012,0,1894,27.0,21.9,38.6,942.7,13.6,1,2012,
2011,308,11,4,09:00,40.2,2012,7.1,645.6,-9999,1646,0,1872,28.7,23.6,32.4,942.7,13.6,1,1646,
2011,308,11,4,09:30,40.3,2013,7.1,646,-9999,1262,0,1864,30.5,25.4,27.8,942.7,13.6,1,1262,
2011,308,11,4,10:00,40.3,2013,7.2,646.3,-9999,1083,0,1866,32.2,26.5,24.7,942.5,13.6,1,1083,
2011,308,11,4,10:30,40.1,2006,7.1,646.3,-9999,1034,0,1862,33.7,28.8,21.3,942.5,13.6,1,1034,
2011,308,11,4,11:00,40.1,2005,7.2,646.5,-9999,919,0,1850,35.4,30.5,18.7,942.5,13.6,1,919,
2011,308,11,4,11:30,40.2,2011,7.4,646.8,-9999,871,0,1845,37.0,32.5,16.3,942.3,13.6,1,871,
2011,308,11,4,12:00,40.2,2010,7.3,646.8,-9999,878,0,1846,38.6,33.8,14.7,942.1,13.6,1,878,
2011,308,11,4,12:30,40.1,2003,7.2,646.8,-9999,864,0,1842,39.9,35.7,13.2,941.7,13.6,1,864,
2011,308,11,4,13:00,40.1,2007,7.1,646.6,-9999,985,61,1823,41.4,36.9,12.2,941.4,13.6,1,985,
2011,308,11,4,13:30,40.1,2007,7.1,646.7,-9999,908,0,1824,42.3,36.6,12.0,941.2,13.6,1,908,
2011,308,11,4,14:00,40.2,2010,7.1,646.7,-9999,888,0,1826,43.2,36.9,11.7,941.0,13.6,1,888,
2011,308,11,4,14:30,40.4,2022,7.1,646.7,-9999,908,0,1816,44.3,36.5,11.9,940.8,13.6,1,908,
2011,308,11,4,15:00,40.6,2028,7.0,646.5,-9999,836,0,1806,45.6,36.1,12.0,940.4,13.6,1,836,
2011,308,11,4,15:30,40.6,2032,7.0,646.4,-9999,948,0,1810,46.6,35.5,12.2,940.2,13.6,1,948,
2011,308,11,4,16:00,40.7,2037,7.0,646.4,-9999,846,0,1812,47.2,34.6,12.5,940.0,13.6,1,846,
2011,308,11,4,16:30,40.7,2035,6.9,646.4,-9999,838,0,1801,47.8,34.0,13.1,939.8,13.6,1,838,
2011,308,11,4,17:00,40.5,2024,6.8,646.3,-9999,833,0,1799,48.1,32.0,14.9,939.9,13.6,1,833,
2011,308,11,4,17:30,39.8,1992,6.4,646.5,-9999,910,0,1789,47.7,29.5,19.1,940.1,13.6,1,910,
2011,308,11,4,18:00,39.4,1969,6.2,646.6,-9999,932,0,1764,46.6,27.6,22.7,940.1,13.6,1,932,
2011,308,11,4,18:30,39.1,1955,6.5,646.7,-9999,944,0,1768,45.0,25.0,27.6,940.5,13.6,1,944,
2011,308,11,4,19:00,39.5,1975,6.7,646.6,-9999,991,0,1794,43.0,22.8,32.0,940.9,13.6,1,991,
2011,308,11,4,19:30,39.7,1985,5.8,646.8,-9999,992,0,1818,40.3,18.7,42.5,941.6,13.6,1,992,
2011,308,11,4,20:00,39.8,1989,5.4,646.5,-9999,1046,0,1840,36.6,15.8,51.6,942.3,13.6,1,1046,
2011,308,11,4,20:30,40.0,2002,5.9,646.2,-9999,1161,0,1872,32.9,13.9,58.3,942.9,13.6,1,1161,
2011,308,11,4,21:00,40.7,2037,6.1,645.8,-9999,1297,0,1905,30.0,12.7,62.9,943.1,13.6,1,1297,
2011,308,11,4,21:30,39.8,1988,5.9,645.4,-9999,1444,0,1885,27.7,11.7,65.5,943.7,13.6,1,1444,
2011,308,11,4,22:00,39.1,1953,5.9,645.4,-9999,1470,0,1863,26.1,12.0,66.7,943.9,13.6,1,1470,
2011,308,11,4,22:30,39.0,1949,5.9,645.3,-9999,1563,0,1863,25.3,12.5,67.7,943.9,13.6,1,1563,
2011,308,11,4,23:00,39.8,1989,5.8,645.1,-9999,1630,0,1885,25.0,12.7,67.5,943.8,13.6,1,1630,
2011,308,11,4,23:30,39.9,1996,5.7,645.1,-9999,1632,0,1883,25.1,12.8,67.5,943.7,13.6,1,1632,
2011,309,11,5,00:00,40.2,2009,5.7,645.2,-9999,1640,0,1893,25.1,12.7,67.5,943.7,13.6,1,1640,
2011,309,11,5,00:30,40.1,2004,5.8,645.1,-9999,1760,0,1890,25.1,12.6,67.6,943.5,13.6,1,1760,
2011,309,11,5,01:00,39.8,1988,5.8,645.1,-9999,1850,0,1885,25.1,12.7,67.7,943.2,13.6,1,1850,
2011,309,11,5,01:30,39.6,1978,5.8,645.2,-9999,1955,0,1877,25.2,12.8,68.1,943.0,13.6,1,1955,
2011,309,11,5,02:00,38.9,1947,5.7,645.2,-9999,1892,0,1862,25.3,13.0,68.3,942.9,13.6,1,1892,
2011,309,11,5,02:30,39.9,1995,5.7,645.3,-9999,1831,0,1888,25.4,13.0,68.4,942.7,13.6,1,1831,
2011,309,11,5,03:00,40.3,2013,5.7,645.3,-9999,1803,0,1901,25.4,12.7,68.8,942.5,13.6,1,1803,
2011,309,11,5,03:30,40.8,2041,5.9,645.1,-9999,2057,0,1931,25.2,11.2,68.0,942.3,13.6,1,2057,
2011,309,11,5,04:00,40.7,2034,6.1,644.8,-9999,3034,0,1935,24.6,9.7,67.7,942.0,13.6,1,3034,
2011,309,11,5,04:30,39.4,1969,6.3,644.8,-9999,3857,0,1895,23.8,8.9,68.5,941.9,13.6,1,3857,
2011,309,11,5,05:00,38.5,1927,6.4,644.4,-9999,4191,0,1875,23.0,8.5,69.4,941.9,13.6,1,4191,
2011,309,11,5,05:30,40.0,2001,6.4,644.3,-9999,7014,0,1928,22.2,7.3,68.5,942.3,13.6,1,7014,
2011,309,11,5,06:00,40.0,2000,6.0,643.8,-9999,12320,0,1939,21.4,5.9,68.9,942.4,13.6,1,12320,
2011,309,11,5,06:30,39.0,1948,6.1,643.4,-9999,13578,0,1912,20.5,5.8,70.0,942.5,13.6,1,13578,
2011,309,11,5,07:00,39.8,1992,6.1,643,-9999,14618,0,1933,20.1,8.2,69.4,942.8,13.6,1,14618,
2011,309,11,5,07:30,41.0,2049,6.3,643.4,-9999,17077,0,1933,20.4,12.3,67.7,942.8,13.6,1,17077,
2011,309,11,5,08:00,40.2,2009,6.2,643.9,-9999,14205,0,1902,21.7,18.0,63.0,942.8,13.6,1,14205,
2011,309,11,5,08:30,40.8,2041,6.6,644.5,-9999,9813,0,1905,23.9,22.1,53.9,942.6,13.6,1,9813,
2011,309,11,5,09:00,41.3,2063,6.7,645.2,-9999,6896,0,1905,26.2,24.5,41.1,942.5,13.6,1,6896,
2011,309,11,5,09:30,41.2,2061,6.8,645.6,-9999,4947,0,1894,28.4,27.0,32.1,942.3,13.6,1,4947,
2011,309,11,5,10:00,41.1,2054,7.1,646,-9999,3743,0,1879,30.5,31.0,24.8,941.9,13.6,1,3743,
2011,309,11,5,10:30,40.9,2044,7.2,646.3,-9999,2904,0,1838,32.8,33.4,20.6,941.5,13.6,1,2904,
2011,309,11,5,11:00,41.0,2048,7.2,646.5,-9999,2254,0,1830,35.0,34.7,18.1,941.3,13.6,1,2254,
2011,309,11,5,11:30,41.1,2056,7.1,646.8,-9999,1975,0,1821,36.9,36.4,15.7,940.9,13.6,1,1975,
2011,309,11,5,12:00,41.2,2062,7.1,646.8,-9999,1839,0,1827,38.5,37.4,14.3,940.5,13.6,1,1839,
2011,309,11,5,12:30,41.3,2065,7.0,646.8,-9999,1876,0,1817,39.9,38.0,12.9,940.1,13.6,1,1876,
2011,309,11,5,13:00,41.2,2061,7.1,646.7,-9999,1750,0,1812,41.0,38.2,12.1,939.8,13.6,1,1750,
2011,309,11,5,13:30,41.2,2062,7.1,646.7,-9999,1579,0,1798,41.9,38.5,11.3,939.5,13.6,1,1579,
2011,309,11,5,14:00,41.2,2058,7.0,646.8,-9999,1557,0,1795,42.9,38.3,11.3,939.3,13.6,1,1557,
2011,309,11,5,14:30,41.0,2048,7.1,646.8,-9999,1427,0,1776,43.8,38.2,11.7,938.9,13.6,1,1427,
2011,309,11,5,15:00,40.9,2047,7.0,646.9,-9999,1454,0,1771,44.5,37.2,12.5,938.6,13.6,1,1454,
2011,309,11,5,15:30,40.9,2047,7.0,646.9,-9999,1450,0,1775,45.1,37.2,12.0,938.1,13.6,1,1450,
2011,309,11,5,16:00,41.0,2048,6.9,646.7,-9999,1407,0,1776,45.6,36.5,11.9,937.6,13.6,1,1407,
2011,309,11,5,16:30,40.9,2047,7.0,646.7,-9999,1475,56,1784,46.1,36.7,11.9,937.4,13.6,1,1475,
2011,309,11,5,17:00,41.0,2049,7.0,646.6,-9999,1442,2,1785,46.6,36.7,12.3,937.3,13.6,1,1442,
2011,309,11,5,17:30,40.9,2047,6.9,646.6,-9999,1430,0,1776,47.0,35.9,12.4,937.2,13.6,1,1430,
2011,309,11,5,18:00,41.0,2049,6.6,646.6,-9999,1403,0,1787,47.1,34.5,12.7,937.3,13.6,1,1403,
2011,309,11,5,18:30,40.9,2045,6.6,646.7,-9999,1345,0,1787,46.8,33.5,13.0,937.3,13.6,1,1345,
2011,309,11,5,19:00,40.9,2045,6.4,646.7,-9999,1473,0,1797,46.1,31.7,14.3,937.4,13.6,1,1473,
2011,309,11,5,19:30,41.0,2049,6.3,646.9,-9999,1605,0,1817,44.9,27.8,19.1,937.8,13.6,1,1605,
2011,309,11,5,20:00,40.7,2034,6.3,646.7,-9999,1923,0,1824,42.5,24.5,23.1,938.0,13.6,1,1923,
2011,309,11,5,20:30,40.5,2025,6.4,646.8,-9999,3447,0,1840,39.7,20.8,29.8,938.4,13.6,1,3447,
2011,309,11,5,21:00,40.6,2030,5.7,646.4,-9999,4829,0,1860,36.7,19.0,34.3,938.8,13.6,1,4829,
2011,309,11,5,21:30,40.7,2036,5.7,646.3,-9999,6358,0,1874,34.2,17.4,39.6,938.9,13.6,1,6358,
2011,309,11,5,22:00,40.3,2014,5.5,645.9,-9999,8982,0,1872,32.2,16.0,44.9,939.1,13.6,1,8982,
2011,309,11,5,22:30,40.2,2011,6.0,645.8,-9999,10214,0,1881,30.6,15.0,48.1,939.2,13.6,1,10214,
2011,309,11,5,23:00,40.2,2010,5.2,645.3,-9999,9534,0,1887,29.4,15.0,48.8,939.1,13.6,1,9534,
2011,309,11,5,23:30,40.4,2022,5.6,645.2,-9999,9512,0,1890,28.6,14.4,50.7,939.2,13.6,1,9512,
2011,310,11,6,00:00,41.0,2051,6.0,645.3,-9999,11220,0,1913,27.9,13.7,54.0,939.3,13.6,1,11220,
2011,310,11,6,00:30,41.1,2056,6.2,645.2,-9999,11634,0,1917,27.2,13.2,56.6,939.1,13.6,1,11634,
2011,310,11,6,01:00,41.2,2059,6.1,644.8,-9999,13062,0,1921,26.6,12.8,58.3,939.0,13.6,1,13062,
2011,310,11,6,01:30,41.2,2060,6.2,644.7,-9999,12634,0,1923,26.1,13.0,58.5,938.7,13.6,1,12634,
2011,310,11,6,02:00,41.2,2062,6.2,644.7,-9999,11147,0,1924,25.8,13.2,58.4,938.5,13.6,1,11147,
2011,310,11,6,02:30,41.3,2066,6.2,644.7,-9999,9963,0,1923,25.8,13.4,57.8,938.3,13.6,1,9963,
2011,310,11,6,03:00,41.3,2063,6.2,644.7,-9999,10282,0,1924,25.8,13.1,58.4,938.1,13.6,1,10282,
2011,310,11,6,03:30,41.2,2060,6.2,644.7,-9999,9957,0,1922,25.8,13.3,58.8,938.0,13.6,1,9957,
2011,310,11,6,04:00,41.2,2059,6.2,644.7,-9999,9234,0,1922,25.9,13.3,59.4,937.9,13.6,1,9234,
2011,310,11,6,04:30,41.1,2053,6.1,644.7,-9999,9539,0,1918,25.9,13.0,60.2,937.8,13.6,1,9539,
2011,310,11,6,05:00,40.6,2032,6.1,644.7,-9999,11764,0,1907,25.8,11.9,62.3,937.7,13.6,1,11764,
2011,310,11,6,05:30,38.9,1944,6.1,644.7,-9999,13060,0,1866,25.3,11.6,63.4,937.6,13.6,1,13060,
2011,310,11,6,06:00,39.1,1956,6.1,644.6,-9999,11872,0,1873,24.9,11.6,64.2,937.8,13.6,1,11872,
2011,310,11,6,06:30,38.3,1914,6.2,644.4,-9999,13118,0,1855,24.7,11.7,64.5,938.1,13.6,1,13118,
2011,310,11,6,07:00,39.0,1948,5.7,644.5,-9999,15848,0,1869,24.7,15.4,60.1,938.3,13.6,1,15848,
2011,310,11,6,07:30,40.9,2047,5.3,644.7,-9999,14341,0,1916,25.6,18.0,57.8,938.6,13.6,1,14341,
2011,310,11,6,08:00,40.6,2031,6.5,645.2,-9999,11948,0,1890,27.2,24.1,42.7,938.5,13.6,1,11948,
2011,310,11,6,08:30,41.1,2053,6.8,645.6,-9999,9602,0,1873,29.5,28.3,32.1,938.5,13.6,1,9602,
2011,310,11,6,09:00,41.0,2049,7.0,646.1,-9999,7337,0,1826,32.1,30.9,27.6,938.4,13.6,1,7337,
2011,310,11,6,09:30,40.9,2045,7.0,646.3,-9999,5223,0,1801,34.5,31.2,26.7,938.3,13.6,1,5223,
2011,310,11,6,10:00,40.7,2034,7.1,646.3,-9999,3674,0,1814,36.1,32.4,25.4,938.1,13.6,1,3674,
2011,310,11,6,10:30,40.7,2035,7.2,646.6,-9999,2848,0,1777,37.6,35.5,21.3,937.9,13.6,1,2848,
2011,310,11,6,11:00,40.8,2039,7.0,646.8,-9999,2329,0,1766,39.0,36.1,20.4,937.8,13.6,1,2329,
2011,310,11,6,11:30,40.9,2043,7.1,646.8,-9999,2056,0,1765,40.0,35.2,21.1,937.7,13.6,1,2056,
2011,310,11,6,12:00,40.7,2035,7.1,646.8,-9999,2129,0,1773,40.6,36.0,20.0,937.4,13.6,1,2129,
2011,310,11,6,12:30,40.9,2046,7.0,646.6,-9999,2208,9,1784,41.1,36.2,19.5,936.9,13.6,1,2208,
2011,310,11,6,13:00,40.5,2026,7.0,646.7,-9999,2244,0,1774,40.9,36.4,19.0,936.7,13.6,1,2244,
2011,310,11,6,13:30,40.8,2040,7.1,646.6,-9999,2138,0,1769,41.5,37.3,17.3,936.3,13.6,1,2138,
2011,310,11,6,14:00,40.8,2041,7.0,646.6,-9999,2103,0,1756,42.4,37.4,16.1,936.0,13.6,1,2103,
2011,310,11,6,14:30,40.8,2041,6.9,646.6,-9999,2074,0,1753,43.3,35.5,17.3,935.8,13.6,1,2074,
2011,310,11,6,15:00,40.5,2024,6.6,646.6,-9999,1968,0,1706,43.1,32.5,21.5,935.7,13.6,1,1968,
2011,310,11,6,15:30,40.2,2012,6.7,646.6,-9999,1838,0,1720,42.1,32.1,22.8,935.6,13.6,1,1838,
2011,310,11,6,16:00,40.4,2019,6.9,646.6,-9999,1670,0,1748,41.5,31.7,23.3,935.5,13.6,1,1670,
2011,310,11,6,16:30,40.3,2017,6.3,646.8,-9999,1643,0,1747,40.8,29.0,26.8,935.5,13.6,1,1643,
2011,310,11,6,17:00,40.0,2001,6.0,646.8,-9999,1484,0,1743,39.7,29.1,26.8,935.4,13.6,1,1484,
2011,310,11,6,17:30,40.2,2010,6.1,646.8,-9999,1567,0,1752,39.1,27.8,29.4,935.5,13.6,1,1567,
2011,310,11,6,18:00,40.2,2008,6.2,646.7,-9999,1588,0,1751,38.6,27.1,30.8,935.5,13.6,1,1588,
2011,310,11,6,18:30,40.7,2035,6.5,646.5,-9999,1516,0,1805,37.7,24.6,35.2,935.7,13.6,1,1516,
2011,310,11,6,19:00,40.9,2046,6.4,646.3,-9999,1428,0,1826,36.4,23.3,38.9,935.8,13.6,1,1428,
2011,310,11,6,19:30,40.9,2043,6.4,646.3,-9999,1397,0,1839,35.3,22.2,42.1,936.2,13.6,1,1397,
2011,310,11,6,20:00,40.6,2030,6.5,646.3,-9999,1548,0,1837,34.3,21.2,45.6,936.4,13.6,1,1548,
2011,310,11,6,20:30,40.2,2009,6.7,646.2,-9999,1581,0,1832,33.3,20.6,49.0,936.8,13.6,1,1581,
2011,310,11,6,21:00,40.4,2019,6.6,645.9,-9999,1700,0,1841,32.7,20.5,50.8,936.9,13.6,1,1700,
2011,310,11,6,21:30,40.6,2031,6.4,645.8,-9999,1734,0,1848,32.2,20.3,51.8,937.2,13.6,1,1734,
2011,310,11,6,22:00,40.6,2030,6.5,645.8,-9999,1846,0,1853,31.9,19.8,53.2,937.5,13.6,1,1846,
2011,310,11,6,22:30,40.7,2037,6.3,645.8,-9999,1728,0,1869,31.5,19.7,54.6,938.0,13.6,1,1728,
2011,310,11,6,23:00,40.8,2039,6.5,645.9,-9999,1741,0,1861,31.3,19.4,56.8,938.4,13.6,1,1741,
2011,310,11,6,23:30,41.0,2049,6.0,645.9,-9999,1626,0,1875,30.9,18.9,59.5,938.4,13.6,1,1626,
2011,311,11,7,00:00,41.3,2064,6.2,645.8,-9999,1620,0,1886,30.5,18.6,61.2,938.2,13.6,1,1620,
2011,311,11,7,00:30,41.3,2065,6.6,645.6,-9999,1643,0,1882,30.1,18.0,63.5,937.9,13.6,1,1643,
2011,311,11,7,01:00,41.1,2053,6.2,645.4,-9999,1667,0,1886,29.8,17.4,65.8,937.8,13.6,1,1667,
2011,311,11,7,01:30,39.9,1995,4.8,645.2,-9999,1799,0,1856,29.4,17.2,67.1,937.1,13.6,1,1799,
2011,311,11,7,02:00,39.9,1993,4.6,645.2,-9999,1885,0,1857,29.1,17.0,68.0,936.7,13.6,1,1885,
2011,311,11,7,02:30,38.9,1943,5.1,645.2,-9999,2092,0,1831,28.9,16.7,68.0,936.5,13.6,1,2092,
2011,311,11,7,03:00,39.0,1948,5.7,645.2,-9999,2616,0,1837,28.8,16.6,68.3,936.5,13.6,1,2616,
2011,311,11,7,03:30,39.6,1980,5.8,645.2,-9999,3216,0,1854,28.8,17.2,68.4,936.6,13.6,1,3216,
2011,311,11,7,04:00,39.4,1970,5.8,645.2,-9999,5170,0,1844,29.0,17.2,70.0,936.7,13.6,1,5170,
2011,311,11,7,04:30,38.5,1926,5.8,645.2,-9999,4690,0,1811,29.0,16.9,71.5,936.7,13.6,1,4690,
2011,311,11,7,05:00,39.4,1971,5.8,645.2,-9999,3833,0,1834,28.8,16.9,72.0,936.9,13.6,1,3833,
2011,311,11,7,05:30,39.0,1950,5.8,645.2,-9999,3164,0,1810,28.6,17.2,72.6,937.3,13.6,1,3164,
2011,311,11,7,06:00,38.2,1911,5.8,645.2,-9999,2623,0,1787,28.5,17.3,73.2,937.5,13.6,1,2623,
2011,311,11,7,06:30,38.6,1930,5.8,645.2,-9999,2310,0,1818,28.4,17.4,72.8,938.0,13.6,1,2310,
2011,311,11,7,07:00,39.4,1969,5.8,645.2,-9999,2002,0,1833,28.5,17.9,71.5,938.3,13.6,1,2002,
2011,311,11,7,07:30,39.5,1977,5.9,645.2,-9999,1855,0,1838,28.7,18.4,69.9,938.5,13.6,1,1855,
2011,311,11,7,08:00,40.2,2012,5.9,645.2,-9999,1846,0,1859,29.0,19.1,67.7,938.7,13.6,1,1846,
2011,311,11,7,08:30,41.1,2055,5.5,645.3,-9999,1698,0,1888,29.4,20.9,62.3,938.9,13.6,1,1698,
2011,311,11,7,09:00,40.9,2046,4.4,645.8,-9999,1620,0,1866,30.3,23.4,54.1,939.0,13.6,1,1620,
2011,311,11,7,09:30,40.5,2025,4.4,645.8,-9999,1653,0,1858,31.3,23.8,51.2,939.2,13.6,1,1653,
2011,311,11,7,10:00,40.9,2043,6.6,646,-9999,1651,0,1879,32.3,27.2,41.9,939.2,13.6,1,1651,
2011,311,11,7,10:30,41.3,2067,6.9,646.3,-9999,1536,0,1862,33.8,32.1,30.7,939.2,13.6,1,1536,
2011,311,11,7,11:00,41.3,2063,7.1,646.3,-9999,1559,0,1853,35.7,33.7,27.2,939.1,13.6,1,1559,
2011,311,11,7,11:30,40.7,2036,7.0,646.7,-9999,1760,0,1812,37.5,34.5,24.9,938.9,13.6,1,1760,
2011,311,11,7,12:00,40.4,2022,7.0,646.8,-9999,1777,0,1817,38.9,34.9,23.6,938.8,13.6,1,1777,
2011,311,11,7,12:30,40.5,2024,6.9,646.7,-9999,1683,0,1802,40.3,39.1,17.9,938.4,13.6,1,1683,
2011,311,11,7,13:00,41.0,2049,7.1,646.6,-9999,1688,0,1792,41.7,39.6,16.8,938.0,13.6,1,1688,
2011,311,11,7,13:30,40.7,2034,7.2,646.6,-9999,1913,0,1783,42.7,37.7,18.6,937.8,13.6,1,1913,
2011,311,11,7,14:00,40.4,2022,7.2,646.6,-9999,1903,0,1757,43.5,38.9,17.3,937.4,13.6,1,1903,
2011,311,11,7,14:30,40.5,2027,7.1,646.6,-9999,1926,0,1756,44.3,37.9,18.0,937.1,13.6,1,1926,
2011,311,11,7,15:00,40.4,2021,6.8,646.6,-9999,1977,0,1757,44.7,37.4,18.2,936.8,13.6,1,1977,
2011,311,11,7,15:30,40.7,2034,6.7,646.6,-9999,1935,0,1773,45.1,36.5,18.6,936.7,13.6,1,1935,
2011,311,11,7,16:00,40.6,2032,6.4,646.6,-9999,1802,0,1783,44.9,34.7,20.4,936.7,13.6,1,1802,
2011,311,11,7,16:30,40.7,2036,6.4,646.6,-9999,1805,0,1784,44.5,34.1,21.4,936.6,13.6,1,1805,
2011,311,11,7,17:00,40.5,2026,6.4,646.6,-9999,1866,0,1775,44.1,34.1,21.8,936.5,13.6,1,1866,
2011,311,11,7,17:30,40.6,2030,6.4,646.6,-9999,1757,0,1772,44.3,33.5,22.5,936.5,13.6,1,1757,
2011,311,11,7,18:00,40.7,2035,6.8,646.6,-9999,1708,0,1801,44.0,31.6,25.1,936.7,13.6,1,1708,
2011,311,11,7,18:30,40.8,2040,6.7,646.6,-9999,1764,0,1805,43.2,30.5,27.0,936.8,13.6,1,1764,
2011,311,11,7,19:00,40.9,2045,6.1,646.6,-9999,1711,0,1818,42.2,28.9,29.6,937.0,13.6,1,1711,
2011,311,11,7,19:30,41.0,2052,6.1,646.8,-9999,1900,0,1812,41.1,26.6,35.3,937.6,13.6,1,1900,
2011,311,11,7,20:00,40.7,2036,6.3,646.7,-9999,1929,0,1814,39.4,22.5,52.1,938.1,13.6,1,1929,
2011,311,11,7,20:30,41.1,2055,5.9,646.3,-9999,2155,0,1848,37.2,21.1,60.9,938.7,13.6,1,2155,
2011,311,11,7,21:00,39.4,1968,6.3,646.3,-9999,2189,0,1809,35.3,20.2,65.3,939.0,13.6,1,2189,
2011,311,11,7,21:30,38.4,1920,6.1,646.3,-9999,2251,0,1790,33.9,19.6,67.6,939.2,13.6,1,2251,
2011,311,11,7,22:00,38.3,1914,5.1,645.9,-9999,2538,0,1793,32.9,19.1,69.1,939.3,13.6,1,2538,
2011,311,11,7,22:30,38.9,1947,4.7,645.8,-9999,2756,0,1818,32.1,19.1,70.1,939.6,13.6,1,2756,
2011,311,11,7,23:00,38.6,1929,5.6,645.8,-9999,2810,0,1805,31.6,18.9,71.1,939.8,13.6,1,2810,
2011,311,11,7,23:30,39.1,1956,5.7,645.9,-9999,2900,0,1822,31.2,18.5,72.2,940.0,13.6,1,2900,
2011,312,11,8,00:00,38.7,1933,5.7,645.8,-9999,2741,0,1809,30.8,18.0,73.3,940.0,13.6,1,2741,
2011,312,11,8,00:30,38.8,1938,4.9,645.7,-9999,2983,0,1821,30.4,17.2,73.2,939.9,13.6,1,2983,
2011,312,11,8,01:00,38.6,1928,4.3,645.4,-9999,3262,0,1821,30.0,16.4,73.6,939.8,13.6,1,3262,
2011,312,11,8,01:30,38.9,1944,5.2,645.2,-9999,3566,0,1836,29.4,16.0,73.6,939.8,13.6,1,3566,
2011,312,11,8,02:00,39.5,1977,5.5,645.2,-9999,3922,0,1858,28.9,15.7,74.1,939.6,13.6,1,3922,
2011,312,11,8,02:30,39.9,1996,4.6,645.2,-9999,4408,0,1869,28.5,15.7,74.1,939.2,13.6,1,4408,
2011,312,11,8,03:00,40.2,2008,4.5,645.2,-9999,4965,0,1876,28.3,15.7,74.6,939.2,13.6,1,4965,
2011,312,11,8,03:30,39.9,1997,5.3,645.3,-9999,6164,0,1847,28.0,15.5,75.7,939.4,13.6,1,6164,
2011,312,11,8,04:00,40.2,2010,5.9,645.2,-9999,5662,0,1926,27.5,15.2,78.2,938.6,13.6,1,5662,
2011,312,11,8,04:30,40.3,2017,6.1,645.1,-9999,3838,0,1943,27.1,16.3,77.8,938.7,13.6,1,3838,
2011,312,11,8,05:00,40.5,2023,6.1,645.2,-9999,3134,0,1942,27.3,16.7,78.6,938.6,13.6,1,3134,
2011,312,11,8,05:30,40.1,2005,6.1,645.3,-9999,3114,0,1936,27.6,16.7,79.1,938.8,13.6,1,3114,
2011,312,11,8,06:00,40.2,2011,6.1,645.3,-9999,2698,0,1938,27.8,17.0,78.7,939.1,13.6,1,2698,
2011,312,11,8,06:30,40.3,2013,5.8,645.2,-9999,2795,0,1936,28.1,17.5,77.9,939.1,13.6,1,2795,
2011,312,11,8,07:00,39.0,1952,5.7,645.2,-9999,3249,0,1919,28.5,17.6,77.4,939.0,13.6,1,3249,
2011,312,11,8,07:30,38.4,1918,5.6,645.2,-9999,3889,0,1910,28.8,17.6,77.2,939.1,13.6,1,3889,
2011,312,11,8,08:00,40.2,2011,5.3,645.2,-9999,3870,0,1938,29.1,21.2,72.0,939.3,13.6,1,3870,
2011,312,11,8,08:30,40.0,2001,5.9,645.8,-9999,3856,0,1902,30.3,26.4,62.9,939.1,13.6,1,3856,
2011,312,11,8,09:00,40.5,2027,6.8,646.1,-9999,3648,0,1892,32.2,30.4,50.7,938.9,13.6,1,3648,
2011,312,11,8,09:30,41.2,2058,7.0,646.3,-9999,3351,0,1844,34.4,30.9,44.4,938.7,13.6,1,3351,
2011,312,11,8,10:00,40.8,2039,6.9,646.3,-9999,2922,0,1797,36.0,30.5,40.8,938.5,13.6,1,2922,
2011,312,11,8,10:30,40.6,2029,7.0,646.5,-9999,2464,0,1765,37.2,33.0,32.1,938.2,13.6,1,2464,
2011,312,11,8,11:00,40.0,2001,7.0,646.8,-9999,2239,0,1726,38.4,34.4,28.6,937.7,13.6,1,2239,
2011,312,11,8,11:30,39.7,1985,7.0,646.8,-9999,1998,0,1706,39.6,34.4,27.6,937.4,13.6,1,1998,
2011,312,11,8,12:00,39.6,1981,7.0,646.8,-9999,2042,0,1710,40.4,34.3,27.1,937.0,13.6,1,2042,
2011,312,11,8,12:30,39.6,1979,7.1,646.6,-9999,2039,0,1694,41.0,35.2,25.2,936.3,13.6,1,2039,
2011,312,11,8,13:00,39.7,1984,7.1,646.6,-9999,1966,1,1699,41.7,35.2,24.6,935.7,13.6,1,1966,
2011,312,11,8,13:30,40.5,2025,6.7,646.4,-9999,2093,38,1761,41.7,31.4,29.5,935.6,13.6,1,2093,
2011,312,11,8,14:00,37.4,1871,6.3,646.2,-9999,2022,0,1577,39.8,25.8,40.8,936.5,13.6,1,2022,
2011,312,11,8,14:30,34.3,1713,4.9,646,-9999,1895,0,1613,36.3,18.5,63.3,937.8,13.6,1,1895,
2011,312,11,8,15:00,31.7,1585,5.0,645.6,-9999,1886,0,1557,33.2,19.5,67.7,937.9,13.6,1,1886,
2011,312,11,8,15:30,31.3,1565,5.2,645.4,-9999,1981,0,1517,32.0,20.0,70.7,937.6,13.6,1,1981,
2011,312,11,8,16:00,31.8,1588,5.0,645.2,-9999,1914,0,1573,31.3,19.5,73.6,936.8,13.6,1,1914,
2011,312,11,8,16:30,33.4,1670,5.2,645.2,-9999,1894,0,1646,31.1,23.5,65.6,936.3,13.6,1,1894,
2011,312,11,8,17:00,35.8,1788,6.3,645.6,-9999,1971,0,1706,32.2,25.7,61.4,936.0,13.6,1,1971,
2011,312,11,8,17:30,36.3,1817,5.8,645.7,-9999,2063,0,1715,33.5,24.8,61.4,936.6,13.6,1,2063,
2011,312,11,8,18:00,39.6,1981,4.9,645.7,-9999,1964,0,1847,34.0,23.1,61.3,938.0,13.6,1,1964,
2011,312,11,8,18:30,40.3,2014,5.2,645.7,-9999,1791,0,1875,33.7,22.1,61.4,938.5,13.6,1,1791,
2011,312,11,8,19:00,40.5,2026,4.5,645.6,-9999,1660,0,1898,33.1,20.2,64.5,939.6,13.6,1,1660,
2011,312,11,8,19:30,40.6,2029,4.4,645.5,-9999,1472,0,1926,32.1,17.6,68.9,940.1,13.6,1,1472,
2011,312,11,8,20:00,38.5,1923,5.6,645.2,-9999,1472,0,2074,30.7,16.7,72.8,940.2,13.6,1,1472,
2011,312,11,8,20:30,36.4,1818,4.9,645.2,-9999,1582,0,2071,29.6,16.4,75.1,940.1,13.6,1,1582,
2011,312,11,8,21:00,37.2,1862,3.6,645,-9999,1643,0,2094,28.9,16.4,76.1,940.0,13.6,1,1643,
2011,312,11,8,21:30,37.4,1869,4.9,644.9,-9999,1885,0,2094,28.4,16.4,76.6,939.6,13.6,1,1885,
2011,312,11,8,22:00,37.6,1878,4.9,644.8,-9999,2053,0,2094,28.3,16.6,76.6,939.8,13.6,1,2053,
2011,312,11,8,22:30,37.7,1883,4.9,644.9,-9999,2284,0,2093,28.3,16.6,76.4,939.7,13.6,1,2284,
2011,312,11,8,23:00,38.1,1903,4.9,645,-9999,2803,0,2072,28.5,16.7,76.2,939.7,13.6,1,2803,
2011,312,11,8,23:30,37.5,1877,4.9,645.1,-9999,3315,0,2039,28.6,16.7,75.7,939.3,13.6,1,3315,
2011,313,11,9,00:00,37.5,1873,4.9,645.1,-9999,3750,0,2044,28.7,16.5,76.0,939.6,13.6,1,3750,
2011,313,11,9,00:30,37.4,1872,4.9,645.1,-9999,3984,0,2044,28.7,16.3,76.0,939.7,13.6,1,3984,
2011,313,11,9,01:00,37.5,1875,5.0,645.1,-9999,4142,0,2045,28.6,16.1,75.9,939.5,13.6,1,4142,
2011,313,11,9,01:30,37.3,1867,5.1,644.9,-9999,3999,0,2041,28.4,15.8,75.7,939.3,13.6,1,3999,
2011,313,11,9,02:00,38.2,1909,5.3,644.8,-9999,4535,0,2058,28.2,15.2,74.2,939.1,13.6,1,4535,
2011,313,11,9,02:30,39.7,1983,6.0,644.7,-9999,5813,0,2099,28.0,14.4,73.5,939.0,13.6,1,5813,
2011,313,11,9,03:00,39.7,1984,6.1,644.6,-9999,8424,0,2102,27.7,13.7,73.5,939.0,13.6,1,8424,
2011,313,11,9,03:30,39.5,1976,6.1,644.6,-9999,10439,0,2099,27.2,13.0,74.6,938.7,13.6,1,10439,
2011,313,11,9,04:00,37.8,1892,6.0,644.6,-9999,13493,0,2058,26.6,12.3,75.3,938.6,13.6,1,13493,
2011,313,11,9,04:30,36.9,1847,6.1,644.4,-9999,13896,0,2032,26.1,12.3,75.2,939.0,13.6,1,13896,
2011,313,11,9,05:00,36.9,1847,5.8,644.2,-9999,13034,0,2035,25.7,12.0,75.0,939.6,13.6,1,13034,
2011,313,11,9,05:30,37.1,1857,5.9,644.1,-9999,12558,0,2043,25.5,12.0,74.7,939.9,13.6,1,12558,
2011,313,11,9,06:00,37.4,1872,5.7,644.1,-9999,13250,0,2054,25.3,11.9,76.3,940.0,13.6,1,13250,
2011,313,11,9,06:30,38.0,1902,5.5,644,-9999,13242,0,2075,25.1,12.6,76.2,940.0,13.6,1,13242,
2011,313,11,9,07:00,39.8,1991,5.5,644.1,-9999,11207,0,2089,25.3,15.3,78.1,940.1,13.6,1,11207,
2011,313,11,9,07:30,40.7,2035,5.4,644.5,-9999,10490,0,2089,26.2,19.1,77.7,940.1,13.6,1,10490,
2011,313,11,9,08:00,39.8,1988,6.1,644.9,-9999,7897,0,2002,27.8,22.6,72.7,940.0,13.6,1,7897,
2011,313,11,9,08:30,39.8,1989,6.7,645.2,-9999,5889,0,1975,29.6,26.5,64.4,940.2,13.6,1,5889,
2011,313,11,9,09:00,40.6,2030,6.8,645.5,-9999,4828,0,1964,31.6,27.8,60.5,940.0,13.6,1,4828,
2011,313,11,9,09:30,40.5,2023,7.0,645.7,-9999,4110,0,1915,33.5,29.8,52.0,939.7,13.6,1,4110,
2011,313,11,9,10:00,41.1,2056,7.2,646.2,-9999,3406,0,1856,35.4,31.5,41.6,939.4,13.6,1,3406,
2011,313,11,9,10:30,40.9,2046,7.1,646.1,-9999,3065,0,1851,36.7,32.1,36.2,939.5,13.6,1,3065,
2011,313,11,9,11:00,40.5,2026,6.9,646.1,-9999,2561,0,1782,37.5,32.7,32.9,939.6,13.6,1,2561,
2011,313,11,9,11:30,40.9,2047,6.7,646.1,-9999,2540,0,1800,37.8,31.4,33.7,939.6,13.6,1,2540,
2011,313,11,9,12:00,41.1,2054,6.7,646.1,-9999,2583,0,1813,37.9,32.3,31.3,939.3,13.6,1,2583,
2011,313,11,9,12:30,40.9,2046,6.8,646.1,-9999,2671,30,1812,38.2,32.9,30.3,939.0,13.6,1,2671,
2011,313,11,9,13:00,40.8,2042,7.1,646.1,-9999,2590,0,1813,37.9,35.2,27.3,938.7,13.6,1,2590,
2011,313,11,9,13:30,40.9,2047,7.1,646.1,-9999,2475,0,1799,39.1,35.3,27.1,938.1,13.6,1,2475,
2011,313,11,9,14:00,41.0,2051,7.1,646.1,-9999,2452,0,1821,40.4,35.6,26.5,937.4,13.6,1,2452,
2011,313,11,9,14:30,40.8,2041,6.8,646.1,-9999,2455,0,1794,41.6,37.5,23.7,936.8,13.6,1,2455,
2011,313,11,9,15:00,41.1,2056,6.5,646.2,-9999,2300,0,1788,43.1,37.0,23.9,936.3,13.6,1,2300,
2011,313,11,9,15:30,41.2,2060,6.3,646.2,-9999,2185,0,1790,43.8,34.8,26.2,936.0,13.6,1,2185,
2011,313,11,9,16:00,41.6,2080,6.0,646.2,-9999,2201,0,1797,43.5,29.9,33.6,935.9,13.6,1,2201,
2011,313,11,9,16:30,40.8,2042,6.6,646.1,-9999,2095,0,1882,41.4,27.6,42.2,936.2,13.6,1,2095,
2011,313,11,9,17:00,40.9,2043,6.9,646.1,-9999,1939,0,1838,40.4,31.9,34.7,935.7,13.6,1,1939,
2011,313,11,9,17:30,40.9,2047,6.8,646.1,-9999,1994,0,1810,41.0,31.4,34.6,935.3,13.6,1,1994,
2011,313,11,9,18:00,41.0,2049,6.7,646.1,-9999,1952,0,1803,41.6,33.3,30.2,935.0,13.6,1,1952,
2011,313,11,9,18:30,41.2,2061,6.7,646.2,-9999,1945,0,1802,42.6,33.1,29.8,935.0,13.6,1,1945,
2011,313,11,9,19:00,41.5,2075,6.7,646.2,-9999,2035,0,1817,43.2,31.0,32.7,935.1,13.6,1,2035,
2011,313,11,9,19:30,41.7,2087,6.1,646.1,-9999,2076,0,1842,42.7,27.5,40.4,935.3,13.6,1,2076,
2011,313,11,9,20:00,41.5,2076,6.2,646.1,-9999,2236,0,1847,40.8,25.0,46.8,935.6,13.6,1,2236,
2011,313,11,9,20:30,41.3,2066,6.2,646.1,-9999,2361,0,1861,38.7,23.8,49.8,935.6,13.6,1,2361,
2011,313,11,9,21:00,40.6,2029,6.5,646.2,-9999,2921,0,1850,37.1,22.5,53.6,935.7,13.6,1,2921,
2011,313,11,9,21:30,41.4,2068,6.3,645.9,-9999,3967,0,1875,35.8,21.3,57.6,935.5,13.6,1,3967,
2011,313,11,9,22:00,41.5,2076,6.4,645.6,-9999,6622,0,1887,34.6,20.2,60.7,935.4,13.6,1,6622,
2011,313,11,9,22:30,41.5,2074,5.7,645.6,-9999,7646,0,1890,33.7,19.7,62.2,935.2,13.6,1,7646,
2011,313,11,9,23:00,41.3,2066,6.2,645.6,-9999,8234,0,1890,32.9,19.4,63.2,934.8,13.6,1,8234,
2011,313,11,9,23:30,41.3,2065,6.3,645.5,-9999,8305,0,1889,32.4,19.5,64.1,934.8,13.6,1,8305,
2011,314,11,10,00:00,41.4,2068,6.4,645.3,-9999,6890,0,1888,31.9,19.6,64.8,934.8,13.6,1,6890,
2011,314,11,10,00:30,41.2,2060,6.4,645.2,-9999,5608,0,1884,31.7,20.8,61.5,934.7,13.6,1,5608,
2011,314,11,10,01:00,41.0,2049,6.4,645.3,-9999,4640,0,1870,31.9,20.8,60.8,934.5,13.6,1,4640,
2011,314,11,10,01:30,40.5,2027,6.4,645.3,-9999,3932,0,1847,32.0,20.8,60.0,934.1,13.6,1,3932,
2011,314,11,10,02:00,40.5,2024,6.3,645.3,-9999,3173,0,1843,32.0,21.1,57.9,933.6,13.6,1,3173,
2011,314,11,10,02:30,41.1,2053,6.3,645.3,-9999,3133,0,1866,32.0,20.1,60.0,933.5,13.6,1,3133,
2011,314,11,10,03:00,41.0,2052,6.3,645.2,-9999,3032,0,1870,31.7,19.7,61.3,933.3,13.6,1,3032,
2011,314,11,10,03:30,40.6,2031,6.4,645.2,-9999,3025,0,1844,31.4,20.3,60.2,933.6,13.6,1,3025,
2011,314,11,10,04:00,40.8,2041,6.3,645.2,-9999,2763,0,1855,31.3,20.0,62.2,934.3,13.6,1,2763,
2011,314,11,10,04:30,40.7,2036,5.5,645.2,-9999,2373,0,1938,30.8,17.2,70.4,934.8,13.6,1,2373,
2011,314,11,10,05:00,37.8,1892,5.3,645.1,-9999,2012,0,1866,29.7,16.6,73.0,934.8,13.6,1,2012,
2011,314,11,10,05:30,37.9,1893,4.9,644.9,-9999,1909,0,1885,28.9,16.4,74.4,935.1,13.6,1,1909,
2011,314,11,10,06:00,36.9,1846,5.3,644.6,-9999,1678,0,2038,28.2,15.7,76.8,936.0,13.6,1,1678,
2011,314,11,10,06:30,36.3,1817,4.8,644.6,-9999,1555,0,2150,27.7,15.5,77.7,936.1,13.6,1,1555,
2011,314,11,10,07:00,36.9,1844,5.0,644.6,-9999,1409,0,2118,27.4,15.4,78.1,935.9,13.6,1,1409,
2011,314,11,10,07:30,36.5,1824,5.3,644.6,-9999,1328,0,2068,27.1,15.0,79.2,936.6,13.6,1,1328,
2011,314,11,10,08:00,37.8,1891,6.1,644.4,-9999,1273,0,2033,26.6,14.9,79.5,935.9,13.6,1,1273,
2011,314,11,10,08:30,38.4,1920,6.2,644.4,-9999,1260,0,2032,26.5,16.3,77.5,935.2,13.6,1,1260,
2011,314,11,10,09:00,38.0,1901,5.9,644.6,-9999,1238,0,1965,26.9,18.1,74.6,935.1,13.6,1,1238,
2011,314,11,10,09:30,40.0,2001,5.9,644.6,-9999,1208,0,1993,27.4,18.5,73.1,934.7,13.6,1,1208,
2011,314,11,10,10:00,39.6,1980,4.9,644.7,-9999,1224,0,1899,28.0,19.4,69.9,934.5,13.6,1,1224,
2011,314,11,10,10:30,39.6,1982,5.0,644.9,-9999,1303,0,1838,28.4,18.6,70.9,934.5,13.6,1,1303,
2011,314,11,10,11:00,38.9,1947,5.0,644.7,-9999,1315,0,1904,28.2,18.4,71.1,935.1,13.6,1,1315,
2011,314,11,10,11:30,38.4,1918,5.3,644.8,-9999,1172,0,1938,28.2,23.4,56.4,935.5,13.6,1,1172,
2011,314,11,10,12:00,38.9,1945,7.0,645.2,-9999,1172,0,1869,29.0,24.4,49.2,935.9,13.6,1,1172,
2011,314,11,10,12:30,38.8,1939,7.1,645.2,-9999,1144,0,1834,29.7,24.0,45.6,936.6,13.6,1,1144,
2011,314,11,10,13:00,39.2,1962,6.9,645.2,-9999,1216,0,1795,30.2,25.0,39.5,937.3,13.6,1,1216,
2011,314,11,10,13:30,-9999,-9999,-9999,-9999,-9999,-9999,-9999,-9999,-9999,-9999,-9999,-9999,-9999,0,-9999,
2011,314,11,10,14:00,-9999,-9999,-9999,-9999,-9999,-9999,-9999,-9999,-9999,-9999,-9999,-9999,-9999,0,-9999,
2011,314,11,10,14:30,-9999,-9999,-9999,-9999,-9999,-9999,-9999,-9999,-9999,-9999,-9999,-9999,-9999,0,-9999,
2011,314,11,10,15:00,-9999,-9999,-9999,-9999,-9999,-9999,-9999,-9999,-9999,-9999,-9999,-9999,-9999,0,-9999,
2011,314,11,10,15:30,-9999,-9999,-9999,-9999,-9999,-9999,-9999,-9999,-9999,-9999,-9999,-9999,-9999,0,-9999,
2011,314,11,10,16:00,-9999,-9999,-9999,-9999,-9999,-9999,-9999,-9999,-9999,-9999,-9999,-9999,-9999,0,-9999,
2011,314,11,10,16:30,-9999,-9999,-9999,-9999,-9999,-9999,-9999,-9999,-9999,-9999,-9999,-9999,-9999,0,-9999,
2011,314,11,10,17:00,-9999,-9999,-9999,-9999,-9999,-9999,-9999,-9999,-9999,-9999,-9999,-9999,-9999,0,-9999,
2011,314,11,10,17:30,-9999,-9999,-9999,-9999,-9999,-9999,-9999,-9999,-9999,-9999,-9999,-9999,-9999,0,-9999,
2011,314,11,10,18:00,-9999,-9999,-9999,-9999,-9999,-9999,-9999,-9999,-9999,-9999,-9999,-9999,-9999,0,-9999,
2011,314,11,10,18:30,-9999,-9999,-9999,-9999,-9999,-9999,-9999,-9999,-9999,-9999,-9999,-9999,-9999,0,-9999,
2011,314,11,10,19:00,-9999,-9999,-9999,-9999,-9999,-9999,-9999,-9999,-9999,-9999,-9999,-9999,-9999,0,-9999,
2011,314,11,10,19:30,-9999,-9999,-9999,-9999,-9999,-9999,-9999,-9999,-9999,-9999,-9999,-9999,-9999,0,-9999,
2011,314,11,10,20:00,-9999,-9999,-9999,-9999,-9999,-9999,-9999,-9999,-9999,-9999,-9999,-9999,-9999,0,-9999,
2011,314,11,10,20:30,-9999,-9999,-9999,-9999,-9999,-9999,-9999,-9999,-9999,-9999,-9999,-9999,-9999,0,-9999,
2011,314,11,10,21:00,-9999,-9999,-9999,-9999,-9999,-9999,-9999,-9999,-9999,-9999,-9999,-9999,-9999,0,-9999,
2011,314,11,10,21:30,-9999,-9999,-9999,-9999,-9999,-9999,-9999,-9999,-9999,-9999,-9999,-9999,-9999,0,-9999,
2011,314,11,10,22:00,-9999,-9999,-9999,-9999,-9999,-9999,-9999,-9999,-9999,-9999,-9999,-9999,-9999,0,-9999,
2011,314,11,10,22:30,-9999,-9999,-9999,-9999,-9999,-9999,-9999,-9999,-9999,-9999,-9999,-9999,-9999,0,-9999,
2011,314,11,10,23:00,-9999,-9999,-9999,-9999,-9999,-9999,-9999,-9999,-9999,-9999,-9999,-9999,-9999,0,-9999,
2011,314,11,10,23:30,-9999,-9999,-9999,-9999,-9999,-9999,-9999,-9999,-9999,-9999,-9999,-9999,-9999,0,-9999,
